,City,Cloudiness,Country,Date,Humidity,Lat,Lng,Max Temp,Wind Speed
0,Jamestown,90,US,1586536465,76,42.1,-79.24,35.01,23.04
1,Coahuayana Viejo,5,MX,1586536775,30,18.73,-103.68,86.0,11.41
2,Bairiki Village,20,KI,1586536676,83,1.33,172.98,82.4,5.82
3,Barranca,62,PE,1586536616,65,-10.75,-77.77,78.26,9.42
4,Ovalle,43,CL,1586536775,43,-30.6,-71.2,75.67,8.08
5,Faanui,41,PF,1586536775,78,-16.48,-151.75,82.49,10.36
6,Hilo,90,US,1586536776,83,19.73,-155.09,71.6,2.51
7,Naze,22,JP,1586536776,76,28.37,129.48,57.2,3.36
8,Atuona,19,PF,1586536776,77,-9.8,-139.03,81.95,11.95
9,Ancud,75,CL,1586536596,93,-41.87,-73.82,57.2,8.05
10,Saint George,1,US,1586536560,66,37.1,-113.58,54.0,1.12
11,Tiksi,79,RU,1586536777,93,71.69,128.87,22.46,23.91
12,Cooma,75,AU,1586536777,62,-36.23,149.13,53.6,6.93
13,Norman Wells,40,CA,1586536667,66,65.28,-126.83,10.4,4.7
14,Upernavik,9,GL,1586536746,86,72.79,-56.15,18.19,5.7
15,Ushuaia,40,AR,1586536616,65,-54.8,-68.3,46.4,33.33
16,Thompson,75,CA,1586536362,42,55.74,-97.86,26.6,3.36
17,Port Hardy,90,CA,1586536772,81,50.7,-127.42,48.2,8.05
18,Mizdah,32,LY,1586536780,24,31.45,12.98,66.7,8.05
19,Neuquén,25,AR,1586536783,46,-38.95,-68.06,73.4,2.24
20,San Quintín,43,MX,1586536785,57,30.48,-115.95,61.72,8.01
21,Yumen,3,CN,1586536785,22,40.28,97.2,43.59,20.45
22,Hermanus,2,ZA,1586536643,88,-34.42,19.23,69.01,3.0
23,Arraial do Cabo,75,BR,1586536356,73,-22.97,-42.03,75.2,9.17
24,Laas,49,IT,1586536351,21,46.62,10.7,78.8,4.7
25,Cherskiy,62,RU,1586536694,87,68.75,161.3,2.91,23.51
26,Broome,90,US,1586536787,86,42.25,-75.83,36.0,18.34
27,Tuatapere,0,NZ,1586536788,95,-46.13,167.68,44.01,5.03
28,Carnarvon,77,AU,1586536640,100,-24.87,113.63,77.0,13.87
29,Hong Kong,40,HK,1586536563,83,22.29,114.16,75.0,12.75
30,Cosalá,56,MX,1586536788,71,24.41,-106.69,75.99,1.99
31,Qaanaaq,0,GL,1586536643,83,77.48,-69.36,8.28,1.68
32,Bluff,10,NZ,1586536646,95,-46.6,168.33,44.01,7.25
33,Tual,91,ID,1586536789,76,-5.67,132.75,82.9,9.75
34,Busselton,75,AU,1586536607,47,-33.65,115.33,71.01,14.16
35,Kiunga,100,PG,1586536789,97,-6.12,141.29,73.38,1.23
36,Kutum,20,SD,1586536790,13,14.2,24.67,80.35,8.57
37,Katsuura,48,JP,1586536689,39,35.13,140.3,48.99,18.34
38,Yeppoon,90,AU,1586536790,94,-23.13,150.73,68.0,2.91
39,Punta Arenas,75,CL,1586536620,57,-53.15,-70.92,50.0,18.34
40,Nanortalik,100,GL,1586536791,78,60.14,-45.24,36.39,8.05
41,Yuci,51,CN,1586536791,53,37.68,112.73,32.0,4.47
42,Hay River,90,CA,1586536712,85,60.82,-115.8,19.4,19.46
43,Pevek,32,RU,1586536746,85,69.7,170.31,-3.15,20.83
44,Muscat,97,OM,1586536792,38,23.61,58.59,86.9,9.4
45,Ilulissat,20,GL,1586536792,55,69.22,-51.1,33.8,9.17
46,Lüderitz,0,NA,1586536668,44,-26.65,15.16,77.0,12.75
47,Meadow Lake,1,US,1586536793,19,34.8,-106.54,64.0,3.36
48,Butaritari,100,KI,1586536628,72,3.07,172.79,83.86,7.23
49,Rikitea,94,PF,1586536344,75,-23.12,-134.97,76.86,6.13
50,Ambon City,20,ID,1586536436,94,-3.7,128.18,78.8,6.93
51,Rāja Sānsi,0,IN,1586536794,64,31.72,74.8,78.8,6.17
52,Torbay,90,CA,1586536771,92,47.67,-52.73,34.0,25.28
53,Rocha,13,UY,1586536794,60,-34.48,-54.33,68.63,9.19
54,Bethel,90,US,1586536612,42,41.37,-73.41,48.99,12.75
55,Oistins,40,BB,1586536689,62,13.07,-59.53,86.0,17.22
56,Lorengau,97,PG,1586536792,77,-2.02,147.27,81.66,5.35
57,Tabanan,75,ID,1586536795,94,-8.54,115.13,80.6,3.36
58,Karratha,3,AU,1586536684,66,-20.74,116.85,81.3,8.72
59,Dalby,92,AU,1586536796,93,-27.18,151.27,69.01,2.24
60,La Reforma,90,MX,1586536796,64,25.08,-108.05,75.99,11.7
61,Vaini,0,TO,1586536614,83,-21.2,-175.2,69.8,4.7
62,Esperance,75,AU,1586536637,87,-33.87,121.9,60.8,6.93
63,Touros,40,BR,1586536765,62,-5.2,-35.46,89.6,9.17
64,Bambous Virieux,40,MU,1586536668,78,-20.34,57.76,78.8,12.75
65,Ternovka,100,RU,1586536797,69,51.68,41.64,50.0,4.03
66,Camacha,20,PT,1586536797,64,33.08,-16.33,69.8,10.29
67,Saint Paul Harbor,1,US,1586536797,79,57.79,-152.41,24.8,5.82
68,Seinäjoki,33,FI,1586536649,41,62.79,22.83,41.0,12.75
69,Acajutla,88,SV,1586536798,55,13.59,-89.83,89.01,6.04
70,Hobart,75,AU,1586536449,87,-42.88,147.33,55.4,3.36
71,Mahibadhoo,11,MV,1586536798,68,3.78,72.97,84.81,1.83
72,Cape Town,3,ZA,1586536636,72,-33.93,18.42,70.0,12.75
73,Khatanga,100,RU,1586536714,92,71.97,102.5,28.38,20.94
74,Kaohsiung City,40,TW,1586536799,73,22.62,120.31,73.99,2.24
75,Cidreira,9,BR,1586536671,67,-30.18,-50.21,69.26,10.71
76,Dandong,0,CN,1586536800,59,40.13,124.39,42.91,2.51
77,Lagoa,0,PT,1586536704,64,39.05,-27.98,62.98,3.71
78,Çorlu,0,TR,1586536800,54,41.16,27.8,57.0,4.7
79,Sonāmura,0,IN,1586536800,61,23.47,91.27,77.2,3.06
80,Ambilobe,4,MG,1586536800,77,-13.2,49.05,76.57,7.27
81,Kapaa,1,US,1586536595,93,22.08,-159.32,66.2,6.93
82,Nizhniy Tsasuchey,0,RU,1586536801,43,50.52,115.13,40.24,5.46
83,Bergen,75,NO,1586536801,60,60.39,5.33,44.01,4.7
84,Siyabuswa,81,ZA,1586536643,34,-25.11,29.04,72.28,3.2
85,Maraã,87,BR,1586536802,66,-1.83,-65.37,86.56,3.06
86,Mataura,6,NZ,1586536356,95,-46.19,168.86,44.01,2.19
87,Tomatlán,0,MX,1586536802,26,19.93,-105.25,92.8,11.34
88,Isangel,59,VU,1586536773,67,-19.55,169.27,75.49,7.83
89,Berlevåg,100,NO,1586536803,90,70.86,29.09,27.75,17.36
90,Bandarbeyla,0,SO,1586536770,66,9.49,50.81,81.41,11.77
91,Anloga,20,GH,1586536803,70,5.79,0.9,86.0,8.05
92,East London,100,ZA,1586536646,78,-33.02,27.91,69.82,10.42
93,Tabas,100,IR,1586536804,52,33.6,56.92,69.8,4.7
94,Bubaque,5,GW,1586536804,72,11.28,-15.83,79.27,13.73
95,Lompoc,40,US,1586536636,93,34.64,-120.46,59.0,6.4
96,New Norfolk,75,AU,1586536614,87,-42.78,147.06,55.4,3.36
97,Ribeira Grande,40,PT,1586536364,77,38.52,-28.7,66.2,5.82
98,Kumul,4,CN,1586536721,19,42.8,93.45,57.96,10.47
99,Nagato,40,JP,1586536805,61,34.38,131.2,48.2,6.93
100,Santa Rosa,75,PH,1586536805,66,14.31,121.11,84.2,5.82
101,Constantine,75,DZ,1586536601,76,36.37,6.61,55.4,16.11
102,Dunedin,13,NZ,1586536724,83,-45.87,170.5,53.01,7.85
103,Talnakh,90,RU,1586536806,93,69.49,88.4,32.0,33.55
104,Saint-Paul,40,RE,1586536806,78,-21.01,55.27,78.8,14.99
105,Airai,42,TL,1586536712,72,-8.93,125.41,60.17,0.58
106,Dehlorān,7,IR,1586536713,28,32.69,47.27,74.71,12.21
107,Smolenka,0,RU,1586536808,42,52.14,113.5,26.6,2.24
108,Kruisfontein,57,ZA,1586536705,60,-34.0,24.73,60.19,3.09
109,Dauriya,1,RU,1586536707,42,49.93,116.87,39.88,3.78
110,Sinnamary,81,GF,1586536808,73,5.38,-52.95,82.17,13.02
111,Okmulgee,1,US,1586536809,32,35.62,-95.96,55.99,9.17
112,Chokurdakh,40,RU,1586536353,96,70.63,147.92,19.4,9.82
113,Kaitangata,21,NZ,1586536644,83,-46.28,169.85,53.01,1.72
114,Vila do Maio,0,CV,1586536809,38,15.13,-23.22,87.8,20.8
115,Diffa,100,NE,1586536810,10,13.32,12.61,90.36,7.94
116,Urumita,20,CO,1586536810,49,10.56,-73.01,93.2,10.29
117,Oranjemund,0,NA,1586536810,73,-28.55,16.43,60.3,5.84
118,Mahmudia,30,RO,1586536810,34,45.08,29.08,68.0,14.99
119,Vanimo,67,PG,1586536704,84,-2.67,141.3,79.0,6.58
120,Aripuanã,99,BR,1586536688,88,-9.17,-60.63,81.79,1.9
121,São Filipe,0,CV,1586536811,69,14.9,-24.5,76.95,12.86
122,Sioux Lookout,75,CA,1586536699,58,50.1,-91.92,30.2,3.36
123,Ahipara,41,NZ,1586536813,82,-35.17,173.17,57.94,4.88
124,Moree,40,AU,1586536813,93,-29.47,149.85,59.0,3.36
125,Port Alfred,95,ZA,1586536593,81,-33.59,26.89,66.81,2.44
126,Albany,75,US,1586536534,49,42.6,-73.97,46.4,25.28
127,Dikson,98,RU,1586536742,97,73.51,80.55,14.16,6.24
128,Artigas,0,UY,1586536814,36,-30.4,-56.47,74.14,8.61
129,Kudahuvadhoo,10,MV,1586536688,66,2.67,72.89,84.85,3.8
130,Ponta do Sol,20,PT,1586536595,64,32.67,-17.1,68.0,16.11
131,Clyde River,75,CA,1586536815,85,70.47,-68.59,12.2,26.4
132,Novikovo,100,RU,1586536815,72,51.15,37.89,46.85,10.18
133,Mandalgovi,1,MN,1586536816,34,45.76,106.27,38.1,6.71
134,Rome,90,US,1586536741,93,43.21,-75.46,37.0,16.11
135,Carutapera,42,BR,1586536816,72,-1.2,-46.02,84.88,10.78
136,Olafsvik,74,IS,1586536816,81,64.89,-23.71,36.12,15.05
137,Comodoro Rivadavia,94,AR,1586536709,53,-45.87,-67.5,71.6,4.7
138,Rudnya,20,RU,1586536817,39,54.95,31.09,44.6,8.95
139,Hammerfest,100,NO,1586536817,74,70.66,23.68,28.4,8.05
140,Hornbæk,39,DK,1586536817,65,56.09,12.45,50.0,11.41
141,Vrangel',43,RU,1586536817,72,42.73,133.08,39.56,3.51
142,Teluknaga,90,ID,1586536708,88,-6.1,106.64,80.6,6.93
143,Yelanskiy,0,RU,1586536818,79,56.84,62.5,37.0,7.72
144,Yellowknife,20,CA,1586536680,72,62.46,-114.35,10.99,13.87
145,Nikolskoye,75,RU,1586536346,93,59.7,30.79,37.4,15.66
146,Mapiripán,100,CO,1586536819,90,2.89,-72.13,74.28,6.44
147,Laguna,1,US,1586536705,76,38.42,-121.42,62.6,3.36
148,Inhambane,40,MZ,1586536714,73,-23.86,35.38,77.0,5.82
149,Sergeevka,0,KZ,1586536820,68,53.88,67.42,41.63,10.94
150,Manitouwadge,20,CA,1586536820,46,49.12,-85.84,28.4,8.05
151,Fortuna,75,US,1586536362,100,40.6,-124.16,55.99,6.06
152,Souillac,40,MU,1586536667,78,-20.52,57.52,78.8,12.75
153,Geraldton,3,AU,1586536696,64,-28.77,114.6,68.0,5.82
154,Labytnangi,24,RU,1586536821,91,66.66,66.42,14.79,7.52
155,Inuvik,40,CA,1586536764,66,68.35,-133.72,10.4,2.24
156,Rundu,56,NA,1586536821,63,-17.93,19.77,67.82,6.06
157,Ugoofaaru,15,MV,1586536822,71,5.67,73.0,84.78,5.1
158,Severo-Kuril'sk,77,RU,1586536752,95,50.68,156.12,31.05,14.74
159,Ratnagiri,19,IN,1586536822,79,16.98,73.3,78.49,3.44
160,Monrovia,38,LR,1586536822,72,6.3,-10.8,83.12,10.2
161,Magadan,3,RU,1586536823,92,59.57,150.8,14.97,3.67
162,Longyearbyen,20,SJ,1586536685,54,78.22,15.64,3.2,8.05
163,Benguela,75,AO,1586536823,70,-12.58,13.41,84.2,0.96
164,Bilibino,5,RU,1586536823,81,68.05,166.44,-12.44,3.27
165,Kiryat Gat,40,IL,1586536824,82,31.61,34.76,60.8,4.7
166,Uíge,99,AO,1586536824,77,-7.61,15.06,69.21,3.56
167,Codrington,91,AU,1586536824,75,-38.27,141.97,56.32,27.83
168,Collie,76,AU,1586536825,47,-33.37,116.15,71.01,9.91
169,Tayshet,100,RU,1586536825,88,55.93,98.0,33.03,5.32
170,Xining,47,CN,1586536825,27,36.62,101.77,35.67,2.26
171,Mayumba,100,GA,1586536825,85,-3.43,10.66,81.18,7.94
172,North Bend,90,US,1586536826,93,43.41,-124.22,50.0,8.05
173,Tuy Hoa,100,VN,1586536826,84,13.08,109.3,76.93,1.72
174,Nazarovo,2,RU,1586536826,87,56.01,90.39,31.19,7.54
175,Zabul Province,98,AF,1586536826,35,32.25,67.25,58.23,8.01
176,Kisangani,65,CD,1586536827,68,0.52,25.2,77.49,1.28
177,Lárdos,0,GR,1586536827,68,36.09,28.02,64.4,20.8
178,Evensk,3,RU,1586536828,84,61.95,159.23,4.84,7.18
179,Mishan,94,CN,1586536828,63,45.55,131.88,40.96,3.71
180,Östersund,67,SE,1586536828,69,63.18,14.64,33.8,11.41
181,Waipawa,0,NZ,1586536607,87,-41.41,175.52,54.0,11.41
182,Pompéia,0,BR,1586536828,46,-22.11,-50.17,77.5,4.05
183,Avarua,100,CK,1586536639,94,-21.21,-159.78,78.8,2.24
184,Half Moon Bay,40,US,1586536829,82,37.46,-122.43,60.01,9.17
185,Mahon,20,ES,1586536829,63,39.89,4.27,64.4,8.05
186,Solnechnyy,1,RU,1586536765,92,50.72,136.63,26.65,4.25
187,Mahébourg,40,MU,1586536749,78,-20.41,57.7,78.8,12.75
188,Perevolotskiy,0,RU,1586536830,59,51.88,54.19,41.9,7.47
189,Iranshahr,43,IR,1586536830,25,27.2,60.68,87.8,6.15
190,Turukhansk,100,RU,1586536830,96,65.82,87.98,30.61,21.47
191,Port Elizabeth,77,ZA,1586536376,77,-33.92,25.57,66.2,11.41
192,Hamilton,75,US,1586536570,45,39.18,-84.53,46.0,10.29
193,Tasiilaq,20,GL,1586536831,63,65.61,-37.64,26.6,1.54
194,North Branch,1,US,1586536832,51,45.51,-92.98,43.0,4.7
195,Patitiri,0,GR,1586536832,45,39.15,23.87,64.4,6.93
196,Gornorechenskiy,86,RU,1586536832,93,44.26,135.11,30.09,3.65
197,Puerto Ayora,20,EC,1586536694,66,-0.74,-90.35,87.01,3.36
198,Alofi,100,NU,1586536681,88,-19.06,-169.92,73.4,1.12
199,Alyangula,100,AU,1586536833,94,-13.85,136.42,75.2,1.12
200,Provideniya,100,RU,1586536641,92,64.38,-173.3,9.54,15.28
201,Tezu,0,IN,1586536833,31,27.92,96.17,71.31,3.94
202,Tuktoyaktuk,75,CA,1586536596,83,69.45,-133.04,-4.0,8.05
203,Barrow,40,US,1586536627,82,71.29,-156.79,-18.4,5.82
204,Chaohu,90,CN,1586536834,93,31.6,117.87,51.8,11.18
205,Mar del Plata,40,AR,1586536538,59,-38.0,-57.56,70.0,8.05
206,Kulunda,1,RU,1586536834,67,52.57,78.94,38.32,7.96
207,Nuuk,75,GL,1586536834,60,64.18,-51.72,39.2,13.87
208,Biltine,57,TD,1586536835,11,14.53,20.92,91.47,15.19
209,Srednekolymsk,9,RU,1586536835,91,67.45,153.68,13.98,8.97
210,Marsá Maţrūḩ,2,EG,1586536835,65,31.35,27.25,60.4,15.77
211,Mackay,40,AU,1586536835,88,-21.15,149.2,69.8,4.7
212,Statesboro,1,US,1586536836,22,32.45,-81.78,70.0,18.34
213,Rosário Oeste,17,BR,1586536836,60,-14.84,-56.43,85.66,6.73
214,Río Gallegos,35,AR,1586536836,33,-51.62,-69.22,57.2,16.11
215,Talakan,0,RU,1586536836,81,50.32,130.37,33.76,3.71
216,Kavieng,100,PG,1586536648,76,-2.57,150.8,83.25,6.58
217,Castro,37,BR,1586536680,34,-24.79,-50.01,71.74,4.25
218,Hithadhoo,10,MV,1586536593,63,-0.6,73.08,84.74,5.3
219,Grindavik,90,IS,1586536680,93,63.84,-22.43,39.2,17.22
220,Camaçari,40,BR,1586536590,70,-12.7,-38.32,86.0,8.05
221,Leiyang,99,CN,1586536744,89,26.4,112.86,61.29,8.68
222,Portland,20,US,1586536323,76,45.52,-122.68,55.0,4.7
223,Paamiut,100,GL,1586536839,74,61.99,-49.67,37.92,14.05
224,Le Vauclin,75,MQ,1586536839,58,14.55,-60.84,87.8,10.29
225,Williamsport,90,US,1586536839,38,41.24,-77.0,44.01,21.92
226,Kresttsy,88,RU,1586536840,81,58.25,32.52,35.91,5.53
227,Nesebar,0,BG,1586536840,51,42.78,27.73,60.8,10.29
228,Lithakia,0,GR,1586536840,55,37.72,20.83,66.2,1.12
229,Adrar,0,MR,1586536724,8,20.5,-10.07,96.76,7.29
230,Bredasdorp,0,ZA,1586536614,56,-34.53,20.04,69.8,13.87
231,George Town,40,MY,1586536613,89,5.41,100.34,84.2,2.75
232,Borba,63,BR,1586536841,63,-4.39,-59.59,89.85,1.86
233,Belmonte,75,BR,1586536752,83,-15.86,-38.88,78.8,8.05
234,Maumere,21,ID,1586536842,74,-8.62,122.21,79.79,5.23
235,Mazatlán,75,MX,1586536673,69,23.22,-106.42,77.0,10.31
236,Nang Rong,87,TH,1586536842,74,14.64,102.79,88.0,7.31
237,Bengkulu,87,ID,1586536670,81,-3.8,102.27,77.5,4.09
238,Caohai,54,CN,1586536843,46,26.87,104.28,50.76,6.82
239,Jizan,40,SA,1586536843,58,17.33,42.67,87.8,4.65
240,Cap Malheureux,40,MU,1586536836,78,-19.98,57.61,78.8,12.75
241,Sobolevo,56,RU,1586536668,63,54.43,31.9,40.6,7.43
242,Ayan,0,RU,1586536843,92,56.45,138.17,27.63,8.75
243,Sarkand,0,KZ,1586536844,51,45.41,79.92,37.36,3.13
244,Havøysund,100,NO,1586536541,86,71.0,24.66,28.4,4.7
245,Nome,90,US,1586536748,85,64.5,-165.41,23.0,6.17
246,Antofagasta,20,CL,1586536845,60,-23.65,-70.4,69.8,9.17
247,Alice Springs,0,AU,1586536375,48,-23.7,133.88,60.8,6.93
248,Palembang,20,ID,1586536845,88,-2.92,104.75,82.4,4.7
249,Jhārgrām,0,IN,1586536846,57,22.45,86.98,83.41,12.53
250,Saint-Philippe,80,RE,1586536358,74,-21.36,55.77,78.8,19.46
251,Mlonggo,67,ID,1586536846,78,-6.53,110.7,81.14,3.74
252,Chibuto,16,MZ,1586536847,73,-24.69,33.53,68.67,6.85
253,Sijunjung,96,ID,1586536847,80,-0.69,100.95,74.84,1.34
254,Cabo San Lucas,75,MX,1586536641,77,22.89,-109.91,75.0,6.93
255,Natalicio Talavera,65,PY,1586536848,30,-25.63,-56.3,78.87,6.85
256,Elliot,100,ZA,1586536848,45,-31.33,27.85,58.12,5.59
257,Aden,20,YE,1586536694,74,12.78,45.04,82.24,19.6
258,Oddur,70,SO,1586536849,47,4.12,43.89,82.94,8.39
259,Saldanha,13,ZA,1586536702,56,-33.01,17.94,73.4,11.41
260,Zhenhaicun,26,CN,1586536849,82,24.26,118.09,64.4,2.24
261,Pisco,4,PE,1586536698,30,-13.7,-76.22,75.0,9.17
262,Usinsk,94,RU,1586536850,94,65.99,57.53,18.03,13.35
263,Koz'modem'yansk,40,RU,1586536850,93,56.34,46.57,44.6,4.47
264,Katherine,90,AU,1586536850,94,-14.47,132.27,71.6,9.17
265,Burnie,100,AU,1586536851,93,-41.07,145.92,55.0,8.01
266,Ingham,90,US,1586536851,47,42.6,-84.38,41.0,16.11
267,Lae,98,PG,1586536852,70,-6.72,146.98,78.21,0.74
268,Santiago,11,CL,1586536693,63,-33.46,-70.65,71.01,4.7
269,Caravelas,62,BR,1586536676,80,-17.71,-39.25,79.68,14.67
270,Namatanai,89,PG,1586536852,73,-3.67,152.43,81.43,3.36
271,Pangai,19,TO,1586536853,63,-19.8,-174.35,76.84,8.95
272,Assiut,0,EG,1586536853,26,27.18,31.18,78.8,9.17
273,Verkh-Usugli,0,RU,1586536843,57,52.7,115.17,32.47,2.33
274,Sebring,40,US,1586536854,58,27.5,-81.44,88.0,12.75
275,Carballo,75,ES,1586536854,100,43.21,-8.69,57.99,6.93
276,Bako,68,ET,1586536854,54,5.78,36.57,68.38,5.68
277,San Patricio,5,MX,1586536618,69,19.22,-104.7,80.6,4.5
278,Fontem,86,CM,1586536855,70,5.47,9.88,71.6,2.24
279,Tarko-Sale,100,RU,1586536855,78,64.92,77.78,30.99,17.31
280,Santa Cruz de Tenerife,20,ES,1586536855,68,28.47,-16.25,75.0,18.34
281,Quelimane,51,MZ,1586536855,80,-17.88,36.89,74.95,7.29
282,Ponta Delgada,20,PT,1586536698,68,37.73,-25.67,64.4,12.75
283,Kaeo,1,NZ,1586536856,93,-35.1,173.78,50.0,3.69
284,Iğdır,90,TR,1586536856,87,39.92,44.05,50.0,4.25
285,Tilichiki,20,RU,1586536846,91,60.47,166.1,0.23,6.73
286,Dingle,2,PH,1586536740,80,11.0,122.67,78.42,9.4
287,Port-Cartier,75,CA,1586536857,38,50.03,-66.87,39.2,12.75
288,San Mateo del Mar,64,MX,1586536857,63,16.2,-95.0,87.04,14.25
289,Yangambi,51,CD,1586536858,62,0.81,24.43,78.04,1.72
290,Constitución,11,CL,1586536663,58,-35.33,-72.42,63.34,6.49
291,Ucluelet,40,CA,1586536858,87,48.93,-125.55,51.01,3.56
292,Tabou,31,CI,1586536764,74,4.42,-7.35,83.25,7.2
293,São José da Coroa Grande,1,BR,1586536765,64,-8.9,-35.15,85.82,10.38
294,Swakopmund,2,NA,1586536859,73,-22.68,14.53,71.01,7.0
295,San Ramon,90,US,1586536807,81,37.78,-121.98,60.01,4.61
296,Toba,40,JP,1586536859,66,34.48,136.85,48.2,20.8
297,Yara,1,CU,1586536859,33,20.28,-76.95,96.58,6.13
298,Banda Aceh,99,ID,1586536860,80,5.56,95.32,80.15,4.03
299,Terpinnya,77,UA,1586536860,77,46.97,35.42,52.79,10.36
300,Ovsyanka,56,RU,1586536860,92,55.96,92.55,24.8,3.44
301,Bambanglipuro,5,ID,1586536771,83,-7.95,110.28,79.43,3.98
302,Edgewater,75,US,1586536860,46,28.99,-80.9,84.0,14.99
303,Alliance,75,US,1586536861,59,40.92,-81.11,41.0,23.04
304,Walvis Bay,5,NA,1586536727,73,-22.96,14.51,71.01,7.0
305,The Valley,20,AI,1586536861,62,18.22,-63.06,86.0,8.05
306,Tessalit,75,ML,1586536750,8,20.2,1.01,96.48,7.92
307,Padang,96,ID,1586536693,77,-0.95,100.35,78.62,2.57
308,Tampilisan,20,PH,1586536862,79,8.02,122.68,73.54,3.8
309,Lázaro Cárdenas,2,MX,1586536841,38,17.96,-102.2,89.17,8.84
310,Rahā,57,IN,1586536862,30,26.23,92.52,81.82,1.48
311,Ostrovnoy,34,RU,1586536798,95,68.05,39.51,14.58,9.31
312,Moen,40,NO,1586536863,74,69.13,18.61,28.99,10.29
313,Tiarei,75,PF,1586536863,74,-17.53,-149.33,80.6,3.36
314,Yanam,5,IN,1586536864,80,16.73,82.22,80.47,3.24
315,Tomohon,40,ID,1586536864,94,1.33,124.84,77.0,1.88
316,Dhārchula,99,IN,1586536864,33,29.85,80.53,56.64,10.29
317,Ola,14,RU,1586536864,93,59.58,151.28,14.38,3.0
318,Santo Antônio do Içá,98,BR,1586536865,81,-3.1,-67.94,84.15,3.22
319,Tura,0,IN,1586536768,35,25.52,90.22,73.81,4.54
320,Saskylakh,84,RU,1586536677,92,71.92,114.08,24.44,17.52
321,Novy Urengoy,99,RU,1586536707,96,66.08,76.63,32.72,7.27
322,Mossamedes,5,AO,1586536866,56,-15.2,12.15,77.07,15.75
323,Kibaya,99,TZ,1586536866,66,-5.3,36.57,60.17,5.32
324,Chui,6,UY,1586536641,60,-33.7,-53.46,69.33,10.18
325,Klaksvík,100,FO,1586536627,81,62.23,-6.59,44.6,16.11
326,Bosanski Brod,39,BA,1586536867,32,45.14,17.99,69.8,4.7
327,Shetpe,0,KZ,1586536867,44,44.17,52.12,48.67,8.37
328,Oodweyne,27,SO,1586536867,24,9.41,45.06,84.88,8.21
329,Marzuq,0,YE,1586536868,41,14.4,46.47,72.77,6.78
330,Port Macquarie,90,AU,1586536730,100,-31.43,152.92,60.01,5.82
331,Safaga,1,EG,1586536868,33,26.73,33.94,73.4,20.8
332,Kilindoni,74,TZ,1586536868,79,-7.91,39.67,83.62,21.92
333,Novokayakent,75,RU,1586536869,87,42.39,47.99,46.0,4.47
334,Poum,61,NC,1586536757,74,-20.23,164.02,76.84,12.55
335,Cabedelo,75,BR,1586536869,55,-6.98,-34.83,89.6,10.29
336,Khanpur,66,PK,1586536869,29,28.65,70.66,84.43,11.43
337,Kochi,40,IN,1586536664,79,9.94,76.26,86.0,0.51
338,Saint Andrews,40,US,1586536870,23,34.05,-81.13,64.4,8.05
339,Kloulklubed,75,PW,1586536704,83,7.04,134.26,78.8,4.7
340,Bocas del Toro,57,PA,1586536870,51,9.33,-82.25,79.0,4.0
341,Abu Samrah,13,SY,1586536870,66,35.3,37.18,54.12,15.84
342,Kamaishi,13,JP,1586536836,79,39.27,141.88,36.59,9.86
343,Iqaluit,20,CA,1586536637,71,63.75,-68.51,8.6,2.24
344,Bathsheba,40,BB,1586536390,62,13.22,-59.52,86.0,17.22
345,Narón,75,ES,1586536871,100,43.52,-8.15,57.99,6.93
346,Pathein,52,MM,1586536871,90,16.78,94.73,75.65,7.11
347,Greven,100,DE,1586536872,26,52.09,7.59,62.01,6.93
348,Broken Hill,90,AU,1586536872,28,-31.95,141.43,69.8,11.41
349,Sanandij,0,IR,1586536633,42,35.31,46.99,47.84,3.11
350,Vila Franca do Campo,20,PT,1586536647,68,37.72,-25.43,64.4,12.75
351,La Paz,40,BO,1586536708,14,-16.5,-68.15,57.2,9.17
352,Calabozo,99,VE,1586536873,32,8.92,-67.43,99.7,8.23
353,Praia,0,CV,1586536751,38,14.92,-23.51,87.8,20.8
354,Flin Flon,90,CA,1586536802,92,54.77,-101.86,26.6,5.82
355,Saqqez,5,IR,1586536874,45,36.25,46.27,44.74,3.76
356,Denpasar,75,ID,1586536874,94,-8.65,115.22,80.6,3.36
357,Pauini,96,BR,1586536874,69,-7.71,-66.98,86.2,1.36
358,Hailar,0,CN,1586536875,47,49.2,119.7,38.66,7.09
359,Bullhead City,90,US,1586536875,63,35.15,-114.57,61.0,3.69
360,Umluj,20,SA,1586536875,36,25.02,37.27,72.97,13.29
361,Honiara,75,SB,1586536875,94,-9.43,159.95,77.0,3.36
362,Kongoussi,97,BF,1586536876,17,13.33,-1.53,97.05,8.25
363,Naliya,0,IN,1586536876,66,23.27,68.83,78.22,8.81
364,Gawler,75,AU,1586536876,72,-34.6,138.73,66.2,23.04
365,Miyako,9,JP,1586536876,83,39.64,141.95,35.53,8.16
366,Qandala,2,SO,1586536876,55,11.47,49.87,85.87,13.62
367,Trelew,47,AR,1586536877,27,-43.25,-65.31,82.78,20.62
368,Jinka,72,ET,1586536877,51,5.65,36.65,69.49,5.37
369,Sistranda,75,NO,1586536787,93,63.73,8.83,41.0,12.75
370,Norsup,47,VU,1586536877,71,-16.07,167.38,77.85,8.86
371,Augusto Corrêa,79,BR,1586536878,84,-1.02,-46.63,82.94,7.16
372,Gemeente Wageningen,90,NL,1586536878,33,51.97,5.67,66.2,9.17
373,Revelstoke,20,CA,1586536878,86,50.98,-118.2,37.4,3.36
374,Faya,20,SA,1586536878,68,18.39,42.45,69.8,6.93
375,Margate,46,GB,1586536706,71,51.38,1.39,62.01,10.29
376,Impfondo,79,CG,1586536879,58,1.64,18.07,81.77,2.75
377,Novobirilyussy,37,RU,1586536879,93,56.95,90.67,29.59,5.57
378,Gōtsuchō,98,JP,1586536879,67,35.0,132.22,43.77,3.15
379,Zeya,0,RU,1586536880,86,53.75,127.27,32.05,2.06
380,Sefophe,20,BW,1586536880,60,-22.18,27.97,75.2,3.36
381,Henties Bay,0,NA,1586536683,73,-22.12,14.28,71.01,7.0
382,Boyolangu,5,ID,1586536881,85,-8.12,111.89,77.52,2.44
383,Las Tunas,20,CU,1586536881,36,20.96,-76.95,91.4,4.7
384,Pierre,1,US,1586536881,33,44.37,-100.35,46.4,14.99
385,Banjar,75,ID,1586536881,94,-8.19,114.97,80.6,3.36
386,Biak,0,ID,1586536711,72,-0.91,122.88,79.72,3.56
387,Swellendam,0,ZA,1586536882,56,-34.02,20.44,69.8,13.87
388,Asău,92,RO,1586536882,28,46.43,26.4,59.0,16.11
389,Husavik,100,IS,1586536741,69,66.04,-17.34,33.8,12.75
390,Vao,90,NC,1586536804,76,-22.67,167.48,73.85,12.12
391,Safi,11,MA,1586536883,69,32.3,-9.24,67.21,20.29
392,Makakilo City,75,US,1586536845,83,21.35,-158.09,69.8,3.78
393,Nhulunbuy,40,AU,1586536883,94,-12.23,136.77,77.0,9.78
394,Abonnema,47,NG,1586536884,75,4.71,6.79,83.34,6.02
395,Chokwé,22,MZ,1586536884,66,-24.53,32.98,70.66,7.11
396,Lebu,25,CL,1586536698,66,-37.62,-73.65,62.53,6.87
397,Bulungu,91,CD,1586536884,78,-4.55,18.6,75.31,3.18
398,Lobva,96,RU,1586536884,81,59.19,60.52,40.12,10.27
399,Lima,90,PE,1586536658,88,-12.04,-77.03,71.6,6.93
400,Cayenne,75,GF,1586536614,74,4.93,-52.33,84.2,10.29
401,Dęblin,84,PL,1586536885,37,51.56,21.85,55.99,4.7
402,Jieshi,55,CN,1586536885,81,22.81,115.83,68.36,6.02
403,Hervey Bay,66,AU,1586536831,100,-25.3,152.85,71.01,7.78
404,Vardø,100,NO,1586536802,90,70.37,31.11,30.22,17.72
405,Ciamis,42,ID,1586536886,78,-7.33,108.35,75.13,2.3
406,Te Anau,11,NZ,1586536681,72,-45.42,167.72,45.99,4.65
407,Dehu,39,IN,1586536887,32,18.72,73.77,81.09,3.0
408,Byron Bay,90,AU,1586536887,100,-28.65,153.62,69.8,9.66
409,Samarai,28,PG,1586536366,82,-10.62,150.67,78.91,6.26
410,Yar-Sale,13,RU,1586536887,90,66.83,70.83,13.77,7.18
411,Tsimmerbude,58,RU,1586536888,34,54.67,20.13,48.2,11.18
412,Doha,100,QA,1586536725,55,25.29,51.53,96.8,9.17
413,Takayama,40,JP,1586536888,96,36.13,137.25,41.0,4.0
414,Maltahöhe,75,NA,1586536888,23,-24.83,16.98,77.41,9.55
415,Nishihara,40,JP,1586536842,63,26.18,127.76,66.2,4.7
416,Adelaide,75,AU,1586536850,72,-34.93,138.6,66.2,23.04
417,Homer,1,US,1586536667,73,59.64,-151.55,30.99,4.09
418,Leh,15,IN,1586536889,18,34.17,77.58,32.41,2.77
419,Andenes,97,NO,1586536889,84,69.31,16.12,32.0,16.11
420,Dali,0,CN,1586536890,39,25.7,100.18,48.42,3.85
421,Tommot,19,RU,1586536890,80,58.96,126.29,33.31,5.93
422,Bodden Town,40,KY,1586536890,70,19.28,-81.25,86.0,4.7
423,Kirakira,24,SB,1586536891,78,-10.45,161.92,78.85,5.59
424,Kavaratti,0,IN,1586536891,68,10.57,72.64,84.63,7.96
425,Bonthe,55,SL,1586536694,76,7.53,-12.51,84.42,10.56
426,Puerto Madryn,10,AR,1586536795,30,-42.77,-65.04,80.44,29.24
427,Linxia Chengguanzhen,84,CN,1586536892,27,35.6,103.21,40.51,2.84
428,Nouadhibou,0,MR,1586536892,54,20.93,-17.03,78.8,21.92
429,Champerico,20,GT,1586536839,70,14.3,-91.92,87.8,9.17
430,Alta Floresta,62,BR,1586536893,73,-9.88,-56.09,84.13,3.4
431,Coxim,36,BR,1586536615,54,-18.51,-54.76,84.76,3.4
432,Coyhaique,90,CL,1586536893,82,-45.58,-72.07,55.4,4.7
433,Luganville,48,VU,1586536810,81,-15.53,167.17,74.84,5.1
434,Russell,1,US,1586536858,23,32.35,-85.2,66.0,14.99
435,Karapyshi,18,UA,1586536894,53,49.64,30.79,44.6,10.63
436,Jumla,69,NP,1586536894,25,29.27,82.18,44.91,2.68
437,Baiquan,0,CN,1586536894,62,47.58,126.08,40.41,11.25
438,Sydney Mines,40,CA,1586536895,71,46.24,-60.22,46.99,20.8
439,Takaka,40,NZ,1586536895,85,-40.85,172.8,54.0,1.99
440,Richards Bay,42,ZA,1586536895,77,-28.78,32.04,73.83,20.74
441,Mauá,5,BR,1586536840,43,-23.67,-46.46,78.8,8.05
442,Tortolì,5,IT,1586536895,82,39.93,9.66,64.4,8.05
443,Bilma,9,NE,1586536896,12,18.69,12.92,86.25,8.93
444,Kununurra,90,AU,1586536896,94,-15.77,128.73,69.8,6.93
445,Saint-Joseph,77,RE,1586536896,74,-21.37,55.62,78.8,19.46
446,Fayaoué,54,NC,1586536896,65,-20.65,166.53,75.52,7.45
447,Moroni,32,KM,1586536897,74,-11.7,43.26,84.02,10.8
448,Nueva Gerona,43,CU,1586536897,69,21.88,-82.8,83.1,3.98
449,Opuwo,52,NA,1586536897,34,-18.06,13.84,76.66,4.41
450,Hobyo,66,SO,1586536688,66,5.35,48.53,83.71,14.97
451,Chernyshevskiy,28,RU,1586536897,93,63.01,112.47,21.61,4.61
452,Bogandé,100,BF,1586536898,20,12.97,-0.14,95.25,10.51
453,Koppang,12,NO,1586536898,57,61.57,11.06,37.0,5.99
454,Sur,85,OM,1586536898,57,22.57,59.53,84.52,9.82
455,Pilar,40,BR,1586536898,66,-9.6,-35.96,89.6,8.05
456,Mareeba,99,AU,1586536651,78,-17.0,145.43,75.2,3.36
457,Araouane,63,ML,1586536899,8,18.9,-3.53,96.04,5.64
458,Kaura Namoda,100,NG,1586536899,20,12.59,6.58,89.35,19.44
459,Binabalian Ricor,27,PH,1586536899,78,16.42,119.93,80.91,10.04
460,Stykkisholmur,95,IS,1586536899,84,65.08,-22.73,35.51,5.44
461,Lata,40,PT,1586536697,77,40.16,-8.33,64.99,10.29
462,Asola,0,IT,1586536900,17,45.22,10.41,77.0,4.7
463,Lavrentiya,98,RU,1586536828,91,65.58,-171.0,5.81,9.93
464,Punta Alta,0,AR,1586536901,34,-38.88,-62.07,74.28,8.93
465,Maniitsoq,63,GL,1586536901,84,65.42,-52.9,35.2,10.92
466,Gamba,86,GA,1586536901,84,-2.65,10.0,81.39,9.53
467,Nkawkaw,100,GH,1586536901,79,6.55,-0.77,78.8,2.08
468,Jacksonville,75,US,1586536800,46,30.33,-81.66,73.4,12.75
469,Pasni,0,PK,1586536902,58,25.26,63.47,81.34,5.19
470,Saurimo,100,AO,1586536902,71,-9.66,20.39,67.77,2.51
471,Atar,0,MR,1586536902,8,20.52,-13.05,99.46,14.0
472,Ranong,48,TH,1586536708,81,9.97,98.63,80.8,4.85
473,Noumea,80,NC,1586536772,77,-22.28,166.46,62.6,1.12
474,College,90,US,1586536844,78,64.86,-147.8,14.0,4.7
475,Bridgeton,75,US,1586536903,36,39.43,-75.23,50.0,27.51
476,Lagunas,77,PE,1586536903,68,-5.23,-75.68,87.13,3.2
477,Camocim,75,BR,1586536904,83,-2.9,-40.84,80.6,9.17
478,Hofn,100,IS,1586536904,86,64.25,-15.21,39.29,11.32
479,Bangkalan,27,ID,1586536904,87,-7.05,112.74,77.47,2.26
480,Dongsheng,34,CN,1586536904,41,39.82,109.98,35.92,9.08
481,Bariloche,40,AR,1586536894,41,-41.15,-71.31,60.8,11.41
482,Puerto Escondido,5,MX,1586536750,58,15.85,-97.07,82.4,10.89
483,Khovd,100,MN,1586536905,31,48.01,91.64,45.25,6.26
484,Vigrestad,98,NO,1586536758,56,58.57,5.7,44.6,9.17
485,Zhezkazgan,70,KZ,1586536905,57,47.8,67.71,41.45,9.15
486,Okahandja,46,NA,1586536906,41,-21.98,16.92,70.3,6.17
487,Guerrero Negro,32,MX,1586536366,57,27.98,-114.06,64.26,17.83
488,Rio Rancho,1,US,1586536906,30,35.23,-106.66,64.0,5.82
489,Kaduqli,99,SD,1586536906,12,11.02,29.72,91.08,7.47
490,Rechka Vydrino,0,RU,1586536907,63,51.48,104.85,36.93,3.38
491,Dogondoutchi,100,NE,1586536907,22,13.64,4.03,92.97,15.57
492,North Platte,1,US,1586536907,33,41.12,-100.77,48.99,21.92
493,"Leibnitz, Styria",48,AT,1586536907,32,46.78,15.54,71.6,9.17
494,Acapulco de Juárez,5,MX,1586536613,66,16.86,-99.89,84.2,3.36
495,Vila Velha,75,BR,1586536768,73,-20.33,-40.29,77.0,11.41
496,São Félix do Xingu,23,BR,1586536908,61,-6.64,-51.99,89.06,1.59
497,Narsaq,100,GL,1586536716,28,60.92,-46.05,42.8,48.32
498,Misasi,88,TZ,1586536908,63,-3.0,33.08,68.11,6.06
499,Joensuu,99,FI,1586536862,93,62.6,29.76,32.0,14.99
500,Zhengjiatun,0,CN,1586536909,47,43.51,123.51,43.14,8.23
501,Makkah al Mukarramah,44,SA,1586536694,30,21.43,39.83,75.0,7.74
502,Māngrol,0,IN,1586536909,68,21.12,70.12,78.58,10.54
503,Troitskoye,0,RU,1586536909,88,52.98,84.68,31.12,5.68
504,Hasaki,20,JP,1586536649,69,35.73,140.83,37.4,3.36
505,Blitar,11,ID,1586536910,83,-8.1,112.17,75.94,0.87
506,Lamar,1,US,1586536910,39,33.67,-95.58,66.0,9.17
507,Liberal,90,US,1586536762,39,37.04,-100.92,59.0,18.34
508,Mehamn,100,NO,1586536910,89,71.04,27.85,26.83,16.64
509,Tutóia,40,BR,1586536911,66,-2.76,-42.27,91.4,9.17
510,Miranda,75,CO,1586536911,69,3.25,-76.23,82.4,3.36
511,Loja,40,EC,1586536620,47,-3.99,-79.2,80.6,3.36
512,Christchurch,0,NZ,1586536791,93,-43.53,172.63,55.99,10.29
513,Buchanan,27,LR,1586536721,76,5.88,-10.05,82.54,9.73
514,Saint Anthony,1,US,1586536842,51,45.02,-93.22,43.0,4.7
515,Chapais,1,CA,1586536912,40,49.78,-74.85,37.4,10.29
516,San Cristobal,40,VE,1586536555,46,7.77,-72.22,93.2,6.93
517,Noyabrsk,100,RU,1586536643,90,63.2,75.45,33.96,16.96
518,Galle,40,LK,1586536913,81,6.04,80.22,80.11,7.72
519,Foxton,0,NZ,1586536913,96,-40.47,175.3,50.0,4.97
520,Nālūt,93,LY,1586536913,23,30.33,10.85,73.0,7.61
521,Kidal,99,ML,1586536616,14,18.44,1.41,95.63,10.65
522,Syracuse,13,IT,1586536914,63,37.09,15.28,64.99,9.17
523,Zyryanka,10,RU,1586536914,92,65.75,150.85,16.34,16.64
524,Adeje,75,ES,1586536599,64,28.12,-16.73,75.0,19.46
525,Ondangwa,66,NA,1586536915,35,-17.92,15.95,80.64,7.65
526,Lamesa,90,US,1586536915,47,32.74,-101.95,63.0,16.11
527,Miles City,1,US,1586536916,39,46.41,-105.84,55.0,5.3
528,Sittwe,9,MM,1586536916,86,20.15,92.9,77.09,2.1
529,Itarema,75,BR,1586536916,83,-2.92,-39.92,80.6,9.17
530,Santa Rosa del Sur,100,CO,1586536916,54,7.96,-74.05,86.22,2.68
531,Itaituba,93,BR,1586536917,55,-4.28,-55.98,90.91,2.13
532,Korhogo,70,CI,1586536917,37,9.45,-5.63,91.26,6.26
533,Muros,75,ES,1586536838,93,42.78,-9.06,59.0,6.93
534,Mount Gambier,90,AU,1586536917,82,-37.83,140.77,55.4,19.46
535,Teya,93,RU,1586536918,94,60.38,92.63,25.32,5.64
536,Bongandanga,66,CD,1586536918,64,1.5,21.05,79.14,1.83
537,Ocós,5,GT,1586536918,52,14.51,-92.19,91.4,5.82
538,Shenjiamen,100,CN,1586536789,88,29.96,122.3,57.79,12.17
539,Iquique,75,CL,1586536919,53,-20.22,-70.14,77.0,9.17
540,Centralia,90,US,1586536710,100,46.72,-122.95,51.01,2.73
541,Marmashen,75,AM,1586536919,52,40.83,43.78,42.8,11.41
542,Quatre Cocos,40,MU,1586536820,78,-20.21,57.76,78.8,12.75
543,Mulchén,40,CL,1586536919,93,-37.72,-72.23,53.6,3.42
544,Waitati,8,NZ,1586536920,91,-45.75,170.57,53.01,1.99
545,Pinawa,94,CA,1586536920,47,50.15,-95.88,44.2,9.71
546,Leningradskiy,0,RU,1586536619,80,69.38,178.42,-4.81,7.85
547,Līsakovsk,19,KZ,1586536866,75,52.54,62.49,36.21,8.57
548,Madingou,100,CG,1586536837,87,-4.15,13.55,73.36,0.83
549,Arrondissement de Bastia,0,FR,1586536921,55,42.67,9.33,66.99,3.36
550,Lagos,20,NG,1586536652,79,6.58,3.75,84.2,8.05
551,Channel-Port aux Basques,84,CA,1586536921,87,47.57,-59.14,34.99,16.73
552,Fukuechō,93,JP,1586536922,64,32.69,128.84,56.62,9.86
553,Kamenka,100,RU,1586536922,45,51.32,42.77,57.0,8.01
554,Bima,33,ID,1586536922,81,-8.47,118.72,76.42,1.34
555,Port Lincoln,62,AU,1586536770,72,-34.73,135.87,59.83,17.43
556,Karakol,82,KG,1586536704,31,42.49,78.39,40.75,3.38
557,Paraná,0,AR,1586536923,41,-31.73,-60.52,77.0,5.99
558,Rawson,32,AR,1586536923,35,-43.3,-65.1,77.92,23.33
559,Margosatubig,32,PH,1586536923,80,7.58,123.17,78.85,5.06
560,Huilong,100,CN,1586536923,82,31.81,121.66,57.99,14.34
561,Esmeraldas,75,BR,1586536924,61,-19.76,-44.31,80.6,4.7
562,Yershov,27,RU,1586536924,52,51.35,48.28,45.82,12.28
563,Mwinilunga,98,ZM,1586536924,61,-11.74,24.43,65.17,5.66
564,Wanaka,0,NZ,1586536925,54,-44.7,169.15,43.93,6.04
565,Springbok,0,ZA,1586536925,24,-29.66,17.89,59.05,4.32
566,Tautira,75,PF,1586536925,74,-17.73,-149.15,80.6,3.36
567,Roebourne,7,AU,1586536926,63,-20.78,117.13,81.19,8.01
568,Cortez,1,US,1586536926,32,37.35,-108.59,55.0,8.05
569,Tamandaré,1,BR,1586536729,65,-8.76,-35.1,85.64,9.82
570,Sanming,98,CN,1586536926,63,26.25,117.62,65.35,3.0
